{
    "control": [
        { "VTOY_DEFAULT_MENU_MODE": "1" },
        { "VTOY_FILT_DOT_UNDERSCORE_FILE": "1" }
    ],
    
    "theme": {
        "file": "/ventoy/themes/honeycomb/theme.txt",
        "gfxmode": "1024x768",
        "ventoy_color": "#d0e764"
    },

"menu_class" : [
        {
            "key": "endeavour",
            "class": "endeavour"
        },
       {
            "key": "Elementar",
            "class": "elementary"
        },
       {
            "key": "Windows_11",
            "class": "windows11"
        },
       {
            "key": "Windows_10",
            "class": "windows10"
        },

        {
            "key": "Kubuntu",
            "class": "Kubuntu"
        },        

       {
            "key": "Linuxmint",
            "class": "Linuxmint"
        },        


       {
            "key": "Arch",
            "class": "arch"
        },        

       {
            "key": "ArchLinux",
            "class": "archlinux"
        },        

       {
            "key": "Chakra",
            "class": "chakra"
        },        

       {
            "key": "Debian",
            "class": "debian"
        },        

       {
            "key": "Deepin",
            "class": "deepin"
        },        

       {
            "key": "Endeavouros",
            "class": "endeavouros"
        },        

       {
            "key": "Fedora",
            "class": "fedora"
        },        

       {
            "key": "Gentoo",
            "class": "gentoo"
        },        

       {
            "key": "GNU",
            "class": "gnu-linux"
        },        

       {
            "key": "Kali",
            "class": "kali"
        },        
       {
            "key": "Kaos",
            "class": "kaos"
        },        

       {
            "key": "Lubuntu",
            "class": "lubuntu"
        },        

       {
            "key": "Linux",
            "class": "Linux"
        },        

       {
            "key": "Manjaro",
            "class": "manjaro"
        },        

       {
            "key": "Solus",
            "class": "solus"
        },        
       {
            "key": "Opensuse",
            "class": "opensuse"
        },        

       {
            "key": "SteamOS ",
            "class": "steamos"
        },        

       {
            "key": "Ubuntu",
            "class": "ubuntu"
        },        

       {
            "key": "Search",
            "class": "find.efi"
        },        
 {
            "key": "Pop",
            "class": "pop"
        },        


       {
            "key": "Xubuntu",
            "class": "xubuntu"
        },     
        {
            "key": "CentOS-7-",
            "class": "centos"
        }
    ]

}

    
